S.No.,Product Name,MRP (Rs.),Pack Size,File Name
1,Acevia Capsules,0,10x10,Innoventis\Acevia 10x10 Capsules.webp
2,Aculinctus Syrup,112.4,100ml,Innoventis\Aculinctus syrup 100 ml.webp
3,Allybenz-5 Tablets,181.5,10x10,Innoventis\Allybenz-5 Tablets.webp
4,Azibenz 100 XL Suspension,97.96,30ml,Innoventis\Azibenz 100 XL Susp.webp
5,Azibenz 200 XL Suspension,109.93,30ml,Innoventis\Azibenz 200 XL Susp 30ml.webp
6,Azibenz 250mg Tablets,75.28,20x1x6,Innoventis\Azibenz 250mg Tablets.webp
7,Azibenz 500mg Tablets,76,20x1x3,Innoventis\Azibenz 500 mg Tablets.webp
8,Becolium 5G Softgel Capsules,234.91,10x1x10,Innoventis\Becolium 5G Softgel Capsules.webp
9,Becolium Capsules,80.43,20x20,Innoventis\Becolium Capsules.webp
10,Becolium-L Capsules,56.71,20x10,Innoventis\Becolium-L Cap.webp
11,Bestorange Syrup,183.7,200ml,Innoventis\Bestorange 200ml.webp
12,Betadron 1mg Injection,5,10x5x1ml,Innoventis\Betadron 1mg Injection.webp
13,Betadron Tablets,16.87,25x20,Innoventis\Betadron 25x20 Tablets.webp
14,Bilanoa 20 Tablets,0,10x1x10,Innoventis\Bilanoa 20 10x1x10 Tablets.webp
15,Broncolium-DM Syrup ,130.45,100ml,Innoventis\Broncolium-DM Syrup 100ml.jpg
16,Broncolium-LS Junior,79.35,60ml,Innoventis\Broncolium-LS Junior 60ml.jpg
17,Broncolium-LS Syrup,120.24,100ml,Innoventis\Broncolium-LS Syrup 100ml.jpg
18,Broncolium-Syrup,124.78,100ml,Innoventis\Broncolium-Syrup 100ml.jpg
19,Budilium 0.5mg Respules,127.95,10x5x2ml,Innoventis\Budilium 0.5mg Respules.webp
20,Burnogard Cream,134.06,20gm,Innoventis\Burnogard Cream 20GM.webp
21,Calcilium K2-7 Softgel Capsules,307.31,10x1x10,Innoventis\Calcilium K2-7 10x1x10 Softgel Capsules.webp
22,Calcilium-500 Tablets,0,20x15,Innoventis\Calcilium-500 20x15 Tablets.webp
23,Calcilium-D3 Max Softgel Capsules,465,10x1x10,Innoventis\Calcilium-D3 Max 10x1x10 Softgel Capsules.webp
24,Canfu Cream 15gm,48.35,15gm,Innoventis\Canfu Cream 15gm.webp
25,Canfu Dusting Powder,118.53,75g,Innoventis\Canfu Dusting powder 3D.webp
26,Canfu Ear Drops,99.8,5ml,Innoventis\Canfu Ear Drops 5ml.webp
27,Canfu-BN Cream,80.4,15gm,Innoventis\Canfu-BN Cream 15gm.webp
28,Canfu-L Cream 30g,371.25,30g,Innoventis\Canfu-L Cream 30g.jpg
29,Canfu-Ultra Ointment,123.75,15gm,Innoventis\Canfu-ULTRA 15gm Ointment.webp
30,Canfu-VT6 Tablets,0,10x1x6,Innoventis\Canfu-VT6 10x1x6 Tablets.webp
31,Carilium Tablets,510,10x1x15,Innoventis\Carilium Tablets 10x1x15.jpg
32,Cartirol Sachet ,167.73,15g,Innoventis\Cartirol Sachet 15g.webp
33,Cartirol Tablets,435.57,10x1x10,Innoventis\Cartirol Tablets.webp
34,Cefabenz 500 Tablets,553,10x1x10,Innoventis\Cefabenz 500 10x1x10 tablets.webp
35,Cefilium 100 Dry Syrup,77.17,30ml,Innoventis\Cefilium 100 Dry Syrup.webp
36,Cefilium-OF Tablets,185.62,20x10,Innoventis\Cefilium 100mg Tablets.webp
37,Cefilium-100 Tablets,105.1,20x10,Innoventis\Cefilium 200mg Tablets.webp
38,Cefilium 50 Dry Syrup,104.15,30ml,Innoventis\Cefilium 50 Dry Syrup.webp
39,Cefilium Drop,79.35,10ml,Innoventis\Cefilium Drop 10ml.webp
40,Cefilium OF Dry Syrup,77.17,30ml,Innoventis\Cefilium OF Dry Syrup 30ml.webp
41,Cefilium-OF Tablets,105.1,20x10,Innoventis\Cefilium-OF 20x10 Tablets.webp
42,Cetrolium Tablets,20.16,20x8x10,Innoventis\Cetrolium 10mg 20x4x15 Tablets.webp
43,Cinadron Tablets,67,4x5x10,Innoventis\Cinadron 20mg 4x5x10 Tablets.webp
44,Cinadron D Tablets,111.15,20x10,Innoventis\Cinadron D 20x10 Tablets.webp
45,Cinadron Plus Tablets,130,10x10,Innoventis\Cinadron Plus Tablets 10x10.webp
46,Ciprovent Infusion,61.87,100ml,Innoventis\Ciprovent 100ML Infusion.webp
47,Ciprovent-500mg Tablets,45.67,10x2x15,Innoventis\Ciprovent-500mg 10x2x10 Tablets.webp
48,Clobegard-GM,21,10gm,Innoventis\Clobegard-GM 10gm.webp
49,Clobegard-GM 20gm,92.81,20gm,Innoventis\Clobegard-GM 20gm.webp
50,Cyprolium Tablets,43.3,20x10,Innoventis\Cyprolium 4mg 20x10 Tablets.webp
51,D-Jump Nano Shots,80.43,4x5ml,Innoventis\D-Jump Nano Shots.webp
52,Debirol-GM2 Tablets,109.59,10x1x10,Innoventis\Debirol-GM2 10x1x10 Tablets.webp
53,Defladron-12 Tablets,224.25,20x10,Innoventis\Defladron-12 Tablets 20x10.webp
54,Defladron-6 Tablets,152.6,20x10,Innoventis\Defladron-6 Tablets.webp
55,Deslobenz-5 Tablets,105.15,10x10,Innoventis\Deslobenz-5mg 10x10 Tablets.webp
56,Dolanta 1ml Injection,33,10x5x1ml,Innoventis\Dolanta 1ml Injection.webp
58,Dolanta 3ml Injection ,5.45,10x5x3ml,Innoventis\Dolanta Injection 3ml.webp
57,Dolanta Hot Gel,113.43,20x30g,Innoventis\Dolanta Hot Gel.jpg
59,Dolanta Pain Gel,128.85,30g,Innoventis\Dolanta pain Gel 30gm.jpg
60,Dolanta SP Tablets,111.37,20x10,Innoventis\Dolanta SP Tablets.webp
61,Dolanta Spas Injection,28.35,10x5x1ml,Innoventis\Dolanta SPAS 1ml ampule.webp
62,Dolanta-MR Tablets,92.75,20x10,Innoventis\Dolanta-MR Tablets.webp
63,Dolanta-P Tablets,77.1,10x2x10,Innoventis\Dolanta-P Tablets.webp
64,Doxilast-AX Capsules,86.6,20x10,Innoventis\Doxilast-Ax Capsules 20x10.webp
65,Doxilast-LB Tablets,86.62,20x10,Innoventis\Doxilast-LB Tablets.webp
66,Duloquit-20 Capsules,0,20x10,Innoventis\Duloquit-20 Capsules 20x10.webp
67,Duolium-3 Respules,117.15,10x5x3ml,Innoventis\Duolium-3 Respules 10x5x3ml.webp
68,Enterolium Suspension,67,20x10x5ml,Innoventis\Enterolium Suspension.webp
69,Exoffin-Plus Suspension,0,170ml,Innoventis\Exoffin-Plus 170ml Suspension.webp
70,Fastodine Ointment,80.43,15gm,Innoventis\Fastodine 15 gm.webp
71,Fastodine Solution,47.25,100ml,Innoventis\Fastodine Solution 100ml.webp
72,Fastodine Solution,236.25,500ml,Innoventis\Fastodine Solution 500ml.webp
73,Fastodine-M Ointment,113.43,15gm,Innoventis\Fastodine-M Ointment 15gm.webp
74,Fastodine-OZ,80.43,15gm,Innoventis\Fastodine-OZ 15gm.webp
75,Feromont Injection,308.64,5x1x5ml,Innoventis\Feromont Injection.webp
76,Feromont-XT Tablets,158.81,5x3x10,Innoventis\Feromont-XT 5x3x10 Tablets.jpg
77,Frutilium Syrup,323,200ml,Innoventis\Frutilium 200ml Syrup.webp
78,Fungiride-5 NF Cream,106,15gm,Innoventis\Fungiride-5 Cream 15gm.webp
79,Gababenz-NT 100 Tablets,127.85,10x15,Innoventis\Gababenz-NT 100 Tablets.webp
80,Gababenz-NT 400 Tablets,292.87,20x10,Innoventis\Gababenz-NT 400 Tablets.webp
81,Gutcore Capsules,158,10x1x10,Innoventis\Gutcore 10x1x10 Capsules.webp
82,Healozyme-A Tablets,243.8,10x10,Innoventis\Healozyme-A Tablets.webp
83,Healozyme-D Tablets,243.8,10x10,Innoventis\Healozyme-D Tablets.webp
84,Ibubenz-Plus Suspension,74.86,60ml,Innoventis\Ibubenz-PLUS Suspension 60ml.jpg
85,Innocortil-10 Tablets,12.91,50x10,Innoventis\Innocortil-10 50x10 Tablets.webp
86,Innocortil-5 Tablets,7.24,50x10,Innoventis\Innocortil-5 50x10 Tablets.webp
87,Innoxone 1G Injection,67.07,1g,Innoventis\Innoxone 1G Injection.webp
88,Innoxone S-1.5 Injection,202.12,1.5g,Innoventis\Innoxone S 1 5 Injection.webp
89,Itravent-100 Capsules,179.23,10x1x10,Innoventis\Itravent 100 Capsules.webp
90,Itravent-200 Capsules,237.82,10x1x10,Innoventis\Itravent 200 Capsules.webp
91,Itravent-OC Cream,113.4,15gm,Innoventis\Itravent-OC 15gm.webp
92,Lactulium Solution,132.3,100ml,Innoventis\Lactulium 200ml Solution.webp
92,Lactulium Solution,264.6,200ml,Innoventis\Lactulium 200ml Solution.webp
93,Linzolium 600 Tablets,383.56,10x1x10,Innoventis\lINZOLIUM 600 TAB.webp
94,Livbenz 4G Syrup,236.25,225ml,Innoventis\Livbenz 4G Syrup 225ml.webp
95,Lopavent-2 Capsules,40.84,10x3x10,Innoventis\LOPAVENT-2 10x3x10 Capsules.webp
96,Lycominta (Softgel Capsule),0,10x1x10,Innoventis\Lycominta 10x1x10 Softgel.webp
98,Megadron 4 Tablets,92.8,20x14,Innoventis\Megadron 4 20x14 Tablets.webp
99,Megadron 8 Tablets,138.15,20x14,Innoventis\Megadron 8 20x14 Tablets.webp
97,Megadron-16 Tablets,221.7,20x14,Innoventis\Megadron 16 20x14 Tablets.webp
100,Merobell 1gm Injection,1024.4,1gm,Innoventis\Merobell 1gm Injection.webp
101,Metrobact Infusion,22.05,100ml,Innoventis\Metrobact 100ml Infusion.webp
102,Mikabenz-500 Injection,116.48,10x3x2ml,Innoventis\Mikabenz-500 10x3x2ml Injection.webp
103,Momebright Cream,154.68,20gm,Innoventis\MomeBright Cream 20gm.webp
104,Momebright-HT Cream,0,20gm,Innoventis\MomeBright-HT Cream 20gm.jpg
105,Montilium-BL Tablets,201,10x1x10,Innoventis\Montilium-BL 10x1x10 Tablets.webp
106,Montilium-FX Tablets,239,10x1x10,Innoventis\Montilium-FX 10x1x10 Tablets.webp
107,Montilium-LC Syrup,77.13,30ml,Innoventis\Montilium-LC 30ml Syrup.webp
108,Montilium-LC Tablets,322.78,10x1x15,Innoventis\Montilium-LC Tablets 10x1x15.jpg
109,Moxiride Eye Drops,183.56,25x1x5ml,Innoventis\Moxiride 25x1x5ml Eye Drops.webp
110,Moxiride-D Eye Droper,183.56,10ml,Innoventis\Moxiride-D Eye Droper 10ml.webp
111,Moxiride-K Eye Drops,183.56,25x1x10ml,Innoventis\Moxiride-K 25x1x10ml Eye Drops.webp
112,Moxirol-250 Capsules (Y-G) And (R-W),26.25,10x3x10,Innoventis\Moxirol-250 Capsules 10x3x10 (Y-G) And (R-W).webp
113,Moxirol-250 DT Tablets,126.56,20x10,Innoventis\Moxirol-250 DT 20x10 Tablets.webp
114,Moxirol-500 Capsules,79.17,10x2x10,Innoventis\Moxirol-500 Capsules 10x2x10.webp
115,Moxirol-CV 228.5 Dry Syrup,65.2,30ml,Innoventis\Moxirol-CV 228-5 Dry Syrup.webp
116,Moxirol-CV 375 Tablets,240.7,10x2x10,Innoventis\Moxirol-CV 375 10x2x10 Tablets.webp
117,Moxirol-CV 625 Tablets Alu Alu,118.06,20x6,Innoventis\Moxirol-CV 625 Tab 20x6 Alu Alu.webp
117,Moxirol-CV 625 Tablets Alu Alu,196.77,10x1x10,Innoventis\Moxirol-CV 625 Tab 10x1x10 Alu Alu.webp
118,Moxirol-CV-DS Sry Syrup,196.15,30ml,Innoventis\Moxirol-CV-DS Sry Syrup 30ml.webp
119,Moxirol-LB 625 Tablets,424.85,10x2x10,Innoventis\Moxirol-LB 625 10x2x10 Tablets.webp
120,Moxirol-Plus LB Capsules,96.37,20x10,Innoventis\MOxirol-Plus LB 20x10 Capsules.webp
121,Naclofen-Spas Tablets,99.82,20x10,Innoventis\Naclofen Spas 20x10 Tablets.webp
122,Naclofen-200 SR Tablets,88.68,10x10,Innoventis\Naclofen-200 SR Tablets.jpg
123,Naclofen-Cold Tablets,74.25,20x10,Innoventis\Naclofen-Cold 20x10 Tablets.webp
124,Naclofen-MP Suspenction,59.88,60ml,Innoventis\Naclofen-MP 60ml Suspenction.webp
125,Naclofen-MP DS Suspenction,106,60ml,Innoventis\Naclofen-MP DS 60ml.webp
126,Naclofen-MR Tablets,101.05,30x10,Innoventis\Naclofen-MR 30x10 Tablets.webp
127,Naclofen-P Tablets,63.9,10x2x10,Innoventis\Naclofen-P 10x2x10 Tablets.webp
128,Naclofen-SP Tablets,124.7,30x10,Innoventis\Naclofen-SP 30x10 Tablets.webp
129,Naclofen-TH4 Tablets,0,10x1x10,Innoventis\Naclofen-TH4 10x1x10 Tablets.webp
130,Nimubenz-P Tablets,59.8,10x2x10,Innoventis\Nimubenz-P Tablets 10x2x10.jpg
131,NS Infusion,61.87,100ml,Innoventis\NS 0.9%wv Infusion 100ml.webp
132,Nurovent NT Tablets,205.88,10x10,Innoventis\Nurovent NT 10x10 Tablets.webp
133,Nurovent NTM Tablets,224.6,10x10,Innoventis\Nurovent NTM 10x10 Tablets.webp
134,Nurovent- Plus Capsules,198,10x1x10,Innoventis\Nurovent- PLUS 10x1x10 Capsules.webp
135,Nurovent-500 Tablets,67.5,20x10,Innoventis\Nurovent-500 20x10 Tablets.webp
136,Nurovent-D3 Tablets,206.25,10x10,Innoventis\NUROVENT-D3 Tablets.webp
137,Nurovent-Forte 2500 Injection,111.37,2ml,Innoventis\Nurovent-Forte 2500mcg Injection.jpg
138,Nurovent-OD Tablets,67.5,20x10,Innoventis\NUROVENT-OD Tablets.webp
139,Nurovent-PG Capsules,198,20x10,Innoventis\Nurovent-PG 20x10 Capsules.webp
140,Nurovent-Plus Injection,158.8,10x2ml,Innoventis\Nurovent-PLUS Injection.webp
141,Nutori-90 Tablets,192.8,5x3x15,Innoventis\Nutori-90mg 5x3x15 Tablets.webp
142,Nutori-MR Tablets,285.6,10x1x10,Innoventis\Nutori-MR 10x1x10 Tablets.webp
143,Nutori-Plus Tablets,149.73,5x3x15,Innoventis\Nutori-PLUS 5x3x15 Tablets.webp
144,Omilan Capsules,61.74,20x20,Innoventis\Omilan Capsules 20x20.webp
145,Omilan-D Capsules,61.74,20x20,Innoventis\Omilan-D 20x20 Capsules.webp
146,Omilan-MPS Suspension,113.43,170ml,Innoventis\Omilan-MPS.webp
147,Omilan-MPS O Suspension,123.75,170ml,Innoventis\Omilan-MPS O Suspension 170ml.webp
148,Omilan-Raft Suspension,201,150ml,Innoventis\Omilan-RAFT 150ml Suspension.webp
149,Ondilan-MD Tablets,55.23,20x10,Innoventis\Ondilan-MD 20x10 Tablets.webp
150,Optisooth Eye Drops,115.12,10ml,Innoventis\OPTISOOTH EYE DROPS 10ml.webp
151,Ostolium Suspension,195.76,200ml,Innoventis\Ostolium Suspension 200ml.webp
152,Pantolium-40 Tablets,104.8,20x10,Innoventis\Pantolium-40 20x10 Tablets.webp
153,Pantolium-40 Injection,54.24,40mg,Innoventis\Pantolium-40 Injection.webp
154,Pantolium-D Tablets,104.8,20x15,Innoventis\Pantolium-D 20x15 Tablets.webp
155,Pantolium-DSR Capsules,158.75,capsules,Innoventis\Pantolium-DSR Capsules.webp
156,Pantolium-LSR Capsules,292.85,10x1x10,Innoventis\Pantolium-LSR 10x1x10 Capsules.webp
157,Paralium Infusion,540,100ml,Innoventis\Paralium 100ml Infusion.webp
158,Pepran-150 Tablets,77.3,20x30,Innoventis\Pepran-150 20x30 Tablets.webp
159,Pepran-300 Tablets,46.3,20x10,Innoventis\Pepran-300 20x10 Tablets.webp
160,Pepran-D Tablets,43.65,20x10,Innoventis\Pepran-D 20x10 Tablets.webp
161,Pepran-O Tablets,47.4,20x10,Innoventis\Pepran-O 20x10 Tablets.webp
162,Piptabenz 4.5 Injection,429.45,12x20,Innoventis\Piptabenz 4.5g Injection.webp
163,Podbact 100 Dry Syrup,165,30ml,Innoventis\Podbact 100 dry Syrup.jpg
164,Podbact 200 Tablets,232,10x1x10,Innoventis\Podbact 200mg 10x1x10 Tablets.webp
165,Podbact Drops,81.67,10ml,Innoventis\Podbact Drops.webp
166,Podbact-100 Tablets,113.43,10x1x10,Innoventis\Podbact-100 Tablets 10x1x10.webp
167,Podbact-50 Dry Syrup,107.75,30ml,Innoventis\Podbact-50 Dry Syrup 30ml.webp
168,Podbact-CV Dry Syrup,158.81,30ml,Innoventis\Podbact-CV Dry Syrup 30ml.jpg
169,Power-Jump Softgel,233.25,10x2x15,Innoventis\Power-Jump 10x2x15 Softgel.webp
170,Pregaedge Test Kit,88,50 Kit,Innoventis\PregaEdge Test Kit 50kit.webp
171,Protilium Chocolate Protein Powder,366,200gm,Innoventis\Protilium Chocolate Protein Powder.jpg
172,Protilium Mango Flavour,634,200gm,Innoventis\Protilium Mango Flavour 3D.jpg
173,Protilium Mom Protine Powder,407.18,200gm,Innoventis\Protilium MOM 200g Protine Powder.jpg
174,Rabilanta DSR Capsules,147.4,20x10,Innoventis\Rabilanta DSR Capsules 20x10.webp
175,Rabilanta-LSR Capsules,253.65,10x1x10,Innoventis\Rabilanta-LSR 10x1x10 Capsules.jpg
176,Raxovent-DX,128.49,100ml,Innoventis\RAXOVENT-DX 100 ml.webp
177,Rifabenz-400 Tablet,309.37,10x1x10,Innoventis\Rifabenz 400 10x1x10 Tablet.jpg
178,Scabibenz Lotion,103.12,50ml,Innoventis\Scabibenz Lotion.jpg
179,Sinominic Tablets,58.12,20x10,Innoventis\Sinominic 20x10 Tablets.webp
180,Sinominic Nasal Spray,58.12,10ml,Innoventis\Sinominic Nasal Spray 10ml.webp
181,Sinominic-DS Suspension,86.62,60ml,Innoventis\Sinominic-DS Suspension 60ml.jpg
182,Sorbilactin Soluution,173.43,200ml,Innoventis\Sorbilactin Soluution 200ml.webp
183,Suprapep,156.75,170ml,Innoventis\Suprapep 170ml.jpg
184,Suprapep-O-Suspension,204.18,170ml,Innoventis\Suprapep-O-suspension 170ml.jpg
185,Suprigest-200 Softgel Capsules,381.8,10x1x10,Innoventis\Suprigest-200 Softgel Capsules.jpg
186,Suprigest-200SR Tablets,448.59,10x1x10,Innoventis\Suprigest-200SR Tablets.jpg
187,Suprigest-300SR Tablets,600,10x1x10,Innoventis\Suprigest-300 Tablets.jpg
188,Surelan-40SR Tablets,97.9,10x10,Innoventis\Surelan-40SR Tablets.jpg
189,Swfi,2.6,50x10,Innoventis\swfi 50X10.jpg
190,Tryptovent Tablets,77.17,10x1x30,Innoventis\Tryptovent 10x1x30 Tablets.webp
191,Udilium-150 Tablets,340,10x15,Innoventis\Udilium-150mg 10x15 Tablets.webp
192,Udilium-300 Tablets,653.4,10x15,Innoventis\Udilium-300mg 10x15 Tablets.webp
193,Urifurantin 100SR Tablets,71.95,10x10,Innoventis\URIFURANTIN 100SR TABLETS.jpg
194,Ventograin-RF Tablets,120,20x10,Innoventis\Ventograin-RF 20x10 Tablets.jpg
195,Ventoric-100 Tablets,20.26,10x10,Innoventis\Ventoric-100 Tablets.jpg
196,Ventoric-300 Tablets,60.58,10x10,Innoventis\Ventoric-300 Tablets.jpg
197,Waxovent Ear Drop,88.65,10ml,Innoventis\Waxovent Ear Drop 10ml.webp
198,X-Flow Max Tablets,271.2,24x1x4,Innoventis\X-Flow Max 24x1x4 Tablets.webp
200,Xerominic Tablets (Blue),58.77,10x5x10,Innoventis\Xerominic Tablets (Blue).webp
201,Xerominic Tablets (Green),58.77,10x5x10,Innoventis\Xerominic Tablets (Green).webp
202,Xerominic Tablets (Pink),58.77,10x5x10,Innoventis\Xerominic Tablets (Pink).webp
203,Xerominic-10 Tablets,72.18,20x10,"Innoventis\Xerominic 10mg Tablets.jpg"""
204,Xerominic-AX Tablets,76.87,20x10,Innoventis\Xerominic-AX 20x10 Tablets.webp
205,Xerominic-AX Syrup,119.62,100ml,Innoventis\Xerominic-AX Syrup.jpg
206,Zanospan Eye Drops,74.25,10ml,Innoventis\ZANOSPAN EYE DROPS 10ML.jpg
207,Zanospan-200 Tablets Alu Alu,124.77,20x10,Innoventis\Zanospan-200 Tab.webp
208,Zanospan-200 Tablets Blister,124.77,20x10,Innoventis\Zanospan-200 Tab Blister.webp
209,Zanospan-D Eye Drop,74.25,10ml,Innoventis\Zanospan-D Eye Drop 10ml.webp
210,Zanospan-M Suspension,80.15,30ml,Innoventis\Zanospan-M Suspension 30ml.webp
211,Zanospan-OZ Tablets,170.15,20x10,Innoventis\Zanospan-OZ Tablets.jpg
