S.No.,Product Name,Pack Type,MRP (Rs.),Pack Size,Image Path
1,Acipox- 400,Tablets,146.89,10X10,"Ultima\Acipox- 400 10x10 General.webp"""
2,Acipox- 800,Tablets,404.98,10X10,"Ultima\Acipox- 800 10x10 Tablets.webp"""
3,Actigrain-10,Tablets,51.76,20X10,"Ultima\Actigrain-10 20x10 Tablets.webp"""
4,Activert-16,Tablets,106.05,20X10,"Ultima\Activert-16 20x10 Tablets.webp"""
5,Activert-8,Tablets,48.77,10X10,"Ultima\Activert-8 10x10 Tablets.webp"""
6,Amlovent-AT,Tablets,67.37,20X10,"Ultima\Amlovent At 20x10tab Tablets.webp"""
7,Bactofix-100DT,Tablets,118.97,20x10,"Ultima\Bactofix-100dt 20x10 Tablets.webp"""
8,Bactofix-CV 325,Tablets,224.60,10x1x6,"Ultima\Bactofix-CV 325 10x1x6 Tablets.webp"""
9,Becominta-Total,Tablets,136.10,10x1x10,"Ultima\Becominta-Total 10x1x10 Tablets.webp"""
10,Bilotra 20,Tablets,153.14,10x1x10,"Ultima\Bilotra 20 10x1x10 Tablets.webp"""
11,Bilotra-M,Tablets,190.57,10x1x10,"Ultima\Bilotra-M 10x1x10 Tablets.webp"""
12,Bisovent-2.5,Tablets,59.81,20x10,"Ultima\Bisovent-2.5 20x10 Tablets.webp"""
13,Bisovent-5,Tablets,90.75,20x10,"Ultima\BISOVENT 5 tablets 20x10.webp"""
14,Brivitra 50,Tablets,182.81,10x10,"Ultima\Brivitra 50 10x10 Tablets.webp"""
15,Buscovent,Tablets,41.92,20x10,"Ultima\Buscovent 20x10 Tablets.webp"""
16,Calcivent,Tablets,149.70,20x15,"Ultima\Calcivent 20x15 Tablets.webp"""
17,Calcivent-2000,Tablets,342.18,5x2x15,"Ultima\Calcivent-2000 5x2x15 Tablets.webp"""
18,Candivent-VT,Tablets,187.17,10x1x6,"Ultima\Candivent-Vt 10x1x6 Tablets.webp"""
19,Capilate-Plus,Tablets,304.21,10x1x10,"Ultima\Capilate-Plus 10x1x10 Tablets.webp"""
20,Carivent,Tablets,510.46,5x15,"Ultima\Carivent 5x15 Tablets.webp"""
21,Cetrovent-A,Tablets,58.78,20X10,"Ultima\Cetrovent-A 20x10 Tablets.webp"""
22,Chymoride Forte,Tablets,371.25,10x1x20,"Ultima\Chymoride Forte 10x1x20 Tablets.webp"""
23,Cilarol-10,Tablets,112.30,20x10,"Ultima\Cilarol-10 20x10 Tablets.webp"""
24,Cilarol M-25,Tablets,165.00,20x10,"Ultima\CILAROL M-25 20x10 Tablets.webp"""
25,Cilarol M-50,Tablets,180.00,20x10,"Ultima\Cilarol-M 50 20x10 Tablets.webp"""
26,Citiride 500,Tablets,723.73,10x1x10,"Ultima\Citiride-500 10x1x10 Tablets.webp"""
27,Citiride-p Forte,Tablets,805.30,5x1x10,"Ultima\Citiride-p Forte 5x1x10 Tablets.webp"""
28,Citiride-P,Tablets,754.35,10x1x10,"Ultima\Citiride-P 10x1x10 Tablets.webp"""
29,Clarivent-250,Tablets,258.72,5X1X10,"Ultima\Clarivent-250 5x1x10 Tablets.webp"""
30,Clarivent-500,Tablets,428.29,5X1X10,"Ultima\Clarivent-500 5x1x10 Tablets.webp"""
31,Coligut-200,Tablets,217.80,10x1x10,"Ultima\Coligut-200 10x1x10 Tablets.webp"""
32,Coligut-400,Tablets,340.30,10X1X10,"Ultima\Coligut-400 10x1x10 Tablets.webp"""
33,Coligut-550,Tablets,510.46,10x1x10,"Ultima\Coligut-550 10x1x10 Tablets.webp"""
34,Daophage G1,Tablets,131.00,10X2X15,"Ultima\Daophage-G1 10x2x15 Tab.webp"""
35,Daophage-G2,Tablets,149.70,10X2X15,"Ultima\Daophage-G2 10x2x15 Tablets.webp"""
36,Daophage-GP1,Tablets,155.96,10X2X15,"Ultima\Daophage-Gp1 10x2x15 Tablets.webp"""
37,Daophage-GP2,Tablets,180.90,10x2x15,"Ultima\Daophage-Gp2 10x2x15 Tablets.webp"""
38,Daophage-500 SR,Tablets,21.73,10X2X10,"Ultima\Daophage-500 SR 10x2x10 Tablets.webp"""
39,Daophage-G 0.5,Tablets,111.37,10X15,"Ultima\Daophage-G 0.5 10x15 Tablets.webp"""
40,Daophage-G1 Forte,Tablets,153.14,10X15,"Ultima\Daophage-G1-Forte 10x15 Tablets.webp"""
41,Daophage-G2 Forte,Tablets,193.35,10X15,"Ultima\Daophage-G2 Forte 10x15 Tablets.webp"""
42,Daozide-M,Tablets,85.00,10x2x10,"Ultima\Daozide-M 10x2x10 Tablets.webp"""
43,Dapalift-10,Tablets,198.50,10x1x10,"Ultima\Dapalift-10 10x1x10 Tablets.webp"""
44,Dapalift-M 10/1000,Tablets,144.37,10x10,"Ultima\Dapalift-M 1000-10x10 Tablets.webp"""
45,Dapalift-M 10/500,Tablets,147.46,10x10,"Ultima\Dapalift-M 500 10x10 Tablets.webp"""
46,Dapalift-V,Tablets,283.59,10x1x10,"Ultima\Dapalift-V 10x1x10 Tablets.webp"""
47,Dermovent-500,Tablets,162.00,10X10,"Ultima\Dermovent-500 10x10 Tablets.webp"""
48,Doloride Cold,Tablets,73.70,80X10,"Ultima\Doloride-Cold Plastic 80x10 Tablets.webp"""
49,Doloride-Chymo,Tablets,147.40,20x10,"Ultima\Doloride-Chymo 20x10 Tablets.webp"""
50,Doloride-MR,Tablets,125.91,10x10,"Ultima\Doloride-Mr 10x10 Tablets.webp"""
51,Doloride-P,Tablets,73.60,20x10,"Ultima\Doloride-P 10x2x10 Tablets.webp"""
52,Doloride-TH4,Tablets,174.60,10x1x10,"Ultima\Doloride-Th4 10x1x10 Tablets.webp"""
53,Doloride-TH8,Tablets,255.23,10x1x10,"Ultima\Doloride-Th8 10x1x10 Tablets.webp"""
54,Dolosaid 200 SR,Tablets,81.10,20x10,"Ultima\Dolosaid 200SR-20x10 Tab.webp"""
55,Dolosaid P,Tablets,66.90,30x10,"Ultima\Dolosaid-P 30x10 Tablets.webp"""
56,Dolosaid -TP 8,Tablets,266.57,10x1x10,"Ultima\Dolosaid -Tp 8 10x1x10 Tablets.webp"""
57,Dolosaid-100,Tablets,86.00,20x10,"Ultima\Dolosaid 100mg 20x10 Tab.webp"""
58,Dolosaid-MR,Tablets,102.90,20x10,"Ultima\Dolosaid-MR 20x10 Tablets.webp"""
59,Dolosaid-SP,Tablets,115.70,30x10,"Ultima\Dolosaid-SP 30x10 Tablets.webp"""
60,Dolosaid-Spas,Tablets,99.82,20x10,"Ultima\Dolosaid-Spas 20x10 Tablets.webp"""
61,Dolosaid-TP4,Tablets,221.20,10x1x10,"Ultima\Dolosaid-Tp4 10x1x10 Tablets.webp"""
62,Dolovent-DT,Tablets,77.13,10x2x10,"Ultima\Dolovent-Dt 10x2x10 Tablets.webp"""
63,Donacortil-30,Tablets,431.06,10x1x10,"Ultima\Donacortil-30 10x1x10 Tablets.webp"""
64,Donacortil-6,Tablets,123.52,10x1x10,"Ultima\Donacortil-6 30ml Syrup.webp"""
65,Doximycin,Tablets,119.10,20x10,"Ultima\Doximycin 20x10 Tablets.webp"""
66,Duopress-FM,Tablets,79.40,10x10,"Ultima\Duopress-Fm 10x10 Tablets.webp"""
67,Emivent MD,Tablets,73.73,20x10,"Ultima\EmiventM-DT-20x10 Tablets.webp"""
68,Enzovent Plus,Tablets,268.00,10x1x10,"Ultima\Enzovent-Plus 10x1x10 Tablets.webp"""
69,Enzovent,Tablets,247.50,10x1x10,"Ultima\Enzovent 10x1x10 Tablets.webp"""
70,Epilevitra-500,Tablets,139.65,20x10,"Ultima\Epilevitra-500 20x10 Tablets.webp"""
71,Epitira-1000,Tablets,385.60,10x10,"Ultima\Epitira-1000 10x10 Tablets.webp"""
72,Epitira-250,Tablets,67.72,10x10,"Ultima\Epitira-250 10x10 Tablets.webp"""
73,Epitira-750,Tablets,196.77,10x10,"Ultima\Epitira-750 10x10 Tablets.webp"""
74,Feburol-40,Tablets,129.60,10x1x10,"Ultima\Feburol-40 10x1x10 Tablets.webp"""
75,Feburol-80,Tablets,181.50,10x1x10,"Ultima\Feburol-80 10x1x10 Tablets.webp"""
76,Fepasulide P,Tablets,52.18,25x2x10,"Ultima\Fepasulide-P 25x2x10 Tablets.webp"""
77,Ferivent-XT,Tablets,203.00,10x1x10,"Ultima\Ferivent-Xt 150ml Syrup.webp"""
78,Fertivent F,Tablets,311.44,10x10,"Ultima\Fertivent-F 10x1x10 Tablets.webp"""
79,Fertivent M,Tablets,333.68,10x10,"Ultima\Fertivent-M 10x1x10 Tablets.webp"""
80,Flucovent 200,Tablets,18.77,40x1,"Ultima\Flucovent-200 2x1 Tablet 40x2x1.webp"""
81,Flucovent-150,Tablets,12.96,40x2x1,"Ultima\Flucovent-150 40x2x1 Tablets.webp"""
82,Foliride Gold,Tablets,181.50,10x1x10,"Ultima\Foliride-GOLD 10x1x10 Tablets.webp"""
83,Foliride,Tablets,48.82,10x1x30,"Ultima\Foliride 10x1x30 Tablets.webp"""
84,Gabavent NT 400,Tablets,321.85,20x10,"Ultima\Gabavent-NT 400 20x10 Tablets.webp"""
85,Gabavent-100,Tablets,65.70,10x10,"Ultima\Gabavent-100 10x10 Tablets.webp"""
86,Gabavent-M 100,Tablets,96.42,10x10,"Ultima\Gabavent-M 100 10x10 Tablets.webp"""
87,Gabavent-M 300,Tablets,174.69,10x1x10,"Ultima\Gabavent-M 300 10x1x10 Tablets.webp"""
88,Gabavent-NT 100,Tablets,127.87,10x15,"Ultima\Gabavent-Nt 100 10x15 Tablets.webp"""
89,Gabavent-NT 300,Tablets,164.48,10x1x10,"Ultima\Gabavent-NT 300 10x1x10 Tablets.webp"""
90,Galvent-50,Tablets,262.04,10x15,"Ultima\Galvent-50 10x15 Tablets.webp"""
91,Galvent-M 1000,Tablets,286.90,10x15,"Ultima\Galvent-M 1000 10x15 Tablets.webp"""
92,Galvent-M 500,Tablets,274.51,10x15,"Ultima\Galvent-M 500 10x15 Tablets.webp"""
93,Histarex-10,Tablets,37.40,20x15,"Ultima\Histarex-10 20x15 Tablets.webp"""
94,Histarex-25,Tablets,73.61,20x15,"Ultima\Histarex-25 20x15 Tablets.webp"""
95,Histigra-120,Tablets,155.97,10x1x10,"Ultima\Histigra-120 10x1x10 Tablets.webp"""
96,Histigra-180,Tablets,199.65,10x1x10,"Ultima\Histigra-180 10x1x10 Tablets.webp"""
97,Histigra-M,Tablets,147.46,10x1x10,"Ultima\Histigra-M 10x1x10 Tablets.webp"""
98,Ibuvent-Plus,Tablets,30.90,20x10,"Ultima\Ibuvent-Plus 20x10 Tablets.webp"""
100,Ketojet-200,Tablets,192.84,10x1x10,"Ultima\KETOJET-200 1x10 Tablet.webp"""
101,Ketoride-dt,Tablets,107.30,20x15,"Ultima\Ketoride-Dt 20x15 Tablets.webp"""
102,Knee Guard,Tablets,187.17,10x10,"Ultima\Knee Guard 10x10 Tablets.webp"""
103,Lansoup-15 Junior,Tablets,70.31,10x10,"Ultima\Lansoup-JUNIOR 15 10x10 Tablets.webp"""
104,Laxivent,Tablets,68.00,4x5x10,"Ultima\Laxivent 100gm Powder.webp"""
105,Levotramine-10,Tablets,74.86,20x10,"Ultima\Levotramine-10 20x10 Tablets.webp"""
106,Levotramine-5,Tablets,56.14,20x10,"Ultima\Levotramine-5 20x10 Tablets.webp"""
107,Linaglys-5,Tablets,124.70,10x10,"Ultima\Linaglys-5 10x10 Tablets.webp"""
108,Linaglys-m 2.5/500,Tablets,123.75,10x10,"Ultima\Linaglys-M 2-5-500 10x10 Tablets.webp"""
109,Lipivent-10,Tablets,53.44,10x10,"Ultima\Lipivent-10 10x10 Tablets.webp"""
110,Lipivent-20,Tablets,135.00,10x10,"Ultima\Lipivent-20 10x10 Tablets.webp"""
111,Lipivent-40,Tablets,207.58,10x10,"Ultima\Lipivent-40 10x10 Tablets.webp"""
112,Lipivent-f 10,Tablets,144.06,10x1x10,"Ultima\Lipivent-F 10x1x10 Tablets.webp"""
113,Livominta,Tablets,85.00,10x10,"Ultima\Livominta 10x10 Tablets.webp"""
114,Loxaquin-250,Tablets,51.76,10x1x10,"Ultima\Loxaquin-250 10x1x10 Tablets.webp"""
115,Loxaquin-500,Tablets,96.70,10x1x10,"Ultima\Loxaquin-500 10x1x10 Tablets.webp"""
116,Loxaquin-oz,Tablets,111.16,10x1x10,"Ultima\Loxaquin-Oz 10x1x10 Tablets.webp"""
117,Lumiart,Tablets,164.25,10x1x6,"Ultima\Lumiart 10x1x6 Tablets.webp"""
118,Losaride-H,Tablets,74.86,20x10,"Ultima\Losaride-H 20x10 Tablets.webp"""
118,Meftadol-p Forte,Tablets,60.11,20x10,"Ultima\Meftadol-P Forte 20x10 Tablets.webp"""
119,Meftadol-spas Ds,Tablets,60.11,20x10,"Ultima\Meftadol-Spas DS 20x10 Tablets.webp"""
120,Meftadol-spas,Tablets,56.14,30x10,"Ultima\Meftadol-Spas 30x10 Tablets.webp"""
121,Metaxadol-d,Tablets,185.62,10x10,"Ultima\Metaxadol-D 10x10 Tablets.webp"""
122,Methocort-16,Tablets,125.77,20x10,"Ultima\Methocort-16 20x10 Tablets.webp"""
123,Methocort-4,Tablets,56.14,20x10,"Ultima\Methocort-4 20x10 Tablets.webp"""
124,Methocort-8,Tablets,71.90,20x10,"Ultima\Methocort-8 20x10 Tablets.webp"""
125,Metovent-25 Xl,Tablets,45.67,20x10,"Ultima\Metovent 25XL 20x10 Tablets.webp"""
126,Metovent-50 Xl,Tablets,62.79,20x10,"Ultima\Metovent 50XL 20x10 Tablets.webp"""
127,Migravent,Tablets,132.00,20x10,"Ultima\Migravent 20x10 Tablets.webp"""
128,Montiride-ab,Tablets,243.75,10x10,"Ultima\Montiride-Ab 10x10 Tablets.webp"""
129,Montiride-la,Tablets,198.50,10x1x10,"Ultima\Montiride-La 10x1x10 Tablets.webp"""
130,Montiride-lc,Tablets,174.69,20x10,"Ultima\Montirided-LC 20x10 Tablets.webp"""
132,Moxilet-400,Tablets,138.60,10x1x5,"Ultima\Moxilet 400 10x1x5 Tablets.webp"""
133,Mucoxit-ab,Tablets,204.18,10x10,"Ultima\Mucoxit-Ab 10x10 Tablets.webp"""
134,Mylabion-d3 Forte,Tablets,198.50,10x1x10,"Ultima\Mylabion D3 Forte 1x10 Tablets.webp"""
135,Mylabion-lc,Tablets,181.50,10x1x10,"Ultima\Mylabion LC 10x1x10 Tablets.webp"""
136,Napromax 250,Tablets,108.28,10x15,"Ultima\Napromax 250 10x15 Tablets.webp"""
137,Napromax 500,Tablets,97.55,10x2x10,"Ultima\Napromax 500 10x2x10 Tablets.webp"""
138,Napromax-d,Tablets,174.60,10x10,"Ultima\Napromax-D 10x10 Tablets.webp"""
139,Nausinate,Tablets,190.78,10x1x30,"Ultima\Nausinate 10x1x30 Tablets.webp"""
140,Nausinate-plus,Tablets,238.21,10x1x30,"Ultima\Nausinate-Plus 10x1x30 Tablets.webp"""
141,New Montiride-fxa,Tablets,226.30,10x1x10,"Ultima\NEW Montiride FXA Tablets 10X1X10.webp"""
142,Nimuvent Cold,Tablets,67.00,25x2x10,"Ultima\Nimuvent-COLD 25x2x10 Tablets.webp"""
143,Nimuvent-md,Tablets,43.66,30x10,"Ultima\Nimuvent-Md 30x10 Tablets.webp"""
144,Oftivent-200,Tablets,96.40,20x10,"Ultima\Oftivent-200 20x10 Tablets.webp"""
145,Oftivent-oz,Tablets,131.00,20x10,"Ultima\Oftivent-Oz 20x10 Tablets.webp"""
146,Ondilium MD 8,Tablets,97.44,20x10,"Ultima\Ondilium-MD 8 20x10 Tablets.webp"""
147,Ondilium-MD,Tablets,55.23,20x10,"Ultima\Ondilium-Md 20x10 Tablets.webp"""
148,Oravent,Tablets,65.87,20x10,"Ultima\Oravent 15gm Cream.webp"""
149,Pantovent-40,Tablets,126.70,20x10,"Ultima\Pantovent-40 20x10 Tablets.webp"""
150,Pantovent-D,Tablets,138.80,20x10,"Ultima\Pantovent-40 20x10 Tablets.webp"""
151,Phylobron 200sr,Tablets,226.87,20x10,"Ultima\Phylobron 200Sr 20x10 Tablets.webp"""
152,Pregavent-m 1500,Tablets,274.51,10x1x10,"Ultima\Pregavent-M 1500 10x1x10 Tablets.webp"""
153,Pregavent-ET,Tablets,243.75,20x10,"Ultima\Pregavent-Et 20x10 Tablets.webp"""
154,Pregavent-NT,Tablets,205.88,10x1x10,"Ultima\Pregavent-Nt 10x1x10 Tablets.webp"""
155,Pregavent-NTM,Tablets,224.60,10x1x10,"Ultima\Pregavent-Ntm 10x1x10 Tablets.webp"""
156,Primovent-CR,Tablets,191.81,10x10,"Ultima\Primovent-Cr 10x10 Tablets.webp"""
157,Primovent-N,Tablets,57.96,4x5x10,"Ultima\Primovent-N 4x5x10 Tablets.webp"""
158,Proditil-Plus,Tablets,283.50,5x1x10,"Ultima\Proditil-Plus 5x1x10 Tablets.webp"""
159,Proditil-100,Tablets,124.70,10x1x10,"Ultima\Proditil-100 30ml Tablets.webp"""
160,Proditil-200,Tablets,243.30,10x1x10,"Ultima\Proditil-200 10x1x10 Tablets.webp"""
161,Proditil-CV 325,Tablets,284.40,10x1x6,"Ultima\Proditil-CV 325 10x1x6 Tablets.webp"""
162,Qtvent-25,Tablets,58.98,5x2x10,"Ultima\Qtvent-25 5x2x10 Tablets.webp"""
163,Qtvent-50,Tablets,81.67,5x2x10,"Ultima\Qtvent-50 5x2x10 Tablets.webp"""
164,Ranilium Spas,Tablets,54.45,20x10,"Ultima\Ranilium-Spas 20x10 Tablets.webp"""
165,Ranilium-D,Tablets,43.60,20x10,"Ultima\Ranilium-D 20x10 Tablets.webp"""
166,Ranilium-O,Tablets,47.41,20x10,"Ultima\Ranilium-O 20x10 Tablets.webp"""
167,Razodrot-40,Tablets,113.43,10x15,"Ultima\Razodrot-40 10x15 Tablets.webp"""
168,Razodrot-DS,Tablets,215.50,10x15,"Ultima\Razodrot-DS 80mg 10x15 Tablets.webp"""
169,Razodrot-M,Tablets,93.58,20x10,"Ultima\Razodrot-M 20x10 Tablets.webp"""
170,Razospas-TX,Tablets,260.80,10x10,"Ultima\Razospas-TX 10x10 Tablets.webp"""
171,Razotran-500,Tablets,199.29,10x10,"Ultima\Razotran 500mg 10x10 Tablets.webp"""
172,Rozucard-10,Tablets,151.60,3x10,"Ultima\Rozucard-10 3x10 Tablets.webp"""
173,Rozucard-20,Tablets,272.25,3x10,"Ultima\Rozucard-20 3x10 Tablets.webp"""
174,Rozucard-F,Tablets,179.23,10x1x10,"Ultima\Rozucard-F 10x1x10 Tablets.webp"""
175,RTQS-200,Tablets,102.53,10x15,"Ultima\Rtqs-200 10x15 Tablets.webp"""
176,RTQS-Tofa,Tablets,438.20,20x10,"Ultima\RTQS-TOFA 20x10 Tablets.webp"""
177,Serravent D,Tablets,96.41,6x5x10,"Ultima\Serravent-D 6x5x10 Tablets.webp"""
178,Sinovent-Forte,Tablets,63.60,25x2x10,"Ultima\Sinovent Forte 25x2x10 Tablets.webp"""
179,Sinovent,Tablets,60.90,30x10,"Ultima\Sinovent 30x10 Tablets.webp"""
180,Sitaglys-D,Tablets,273.28,10x1x10,"Ultima\Sitaglys - D 10x1x10 Tablets.webp"""
181,Sitaglys 100,Tablets,144.35,4x7,"Ultima\Sitaglys-100mg 4x7 Tablets.webp"""
182,Sitaglys 50,Tablets,136.10,4x7,"Ultima\Sitaglys-50mg 4x7 Tablets.webp"""
183,Sitaglys DM,Tablets,225.00,10x10,"Ultima\Sitaglys-DM 100-10-1000 10x10 Tablets.webp"""
184,Sitaglys DM,Tablets,215.62,10x10,"Ultima\Sitaglys-DM 100-10-500 10x10 Tablets.webp"""
185,Sitaglys M 50/1000,Tablets,272.25,2x15,"Ultima\Sitaglys-M-50-1000 2x15 Tablets.webp"""
186,Sitaglys M 50/500,Tablets,249.56,2x15,"Ultima\Sitaglys-M-50-500 2x15 Tablets.webp"""
187,Telirol B-2.5,Tablets,128.00,10x10,"Ultima\Telirol-B 2.5 10x10 Tablets.webp"""
188,Telirol B-5,Tablets,149.00,10x10,"Ultima\Telirol-B 5 10x10 Tablets.webp"""
189,Telirol CT 40/12.5,Tablets,153.14,10x15,"Ultima\Telirol-CT 40-12_5 10x15 Tablets.webp"""
190,Telirol Trio 40,Tablets,174.69,10x15,"Ultima\Telirol Trio 40 10x15 Tablets.webp"""
191,Telirol-40,Tablets,72.66,20x10,"Ultima\Telirol-40 20x10 Tablets.webp"""
192,Telirol-AM,Tablets,89.84,20x10,"Ultima\Telirol AM Tab  20x10.webp"""
193,Telirol-H,Tablets,136.12,10x15,"Ultima\Telirol-H 10x15 Tablets.webp"""
194,Tenlivent-20,Tablets,119.17,20x10,"Ultima\Tenlivent-20 20x10 Tablets.webp"""
195,Tenlivent-M 1000,Tablets,141.79,10x10,"Ultima\Tenlivent-M 1000 10x10 Tablets.webp"""
196,Tenlivent-M 500,Tablets,143.49,10x10,"Ultima\Tenlivent-M 500 10x10 Tablets.webp"""
197,Terbiride-250,Tablets,184.50,10x1x7,"Ultima\Terbiride 250gm 10x1x7 Tablets.webp"""
198,Terbiride-500,Tablets,249.56,10x1x7,"Ultima\Terbiride 500mg 10x1x7 Tablets.webp"""
199,Tizamax-MR,Tablets,165.00,10x2x10,"Ultima\Tizamax-MR 10x2x10 Tablets.webp"""
200,Torigesic Plus,Tablets,90.75,20x10,"Ultima\Torigesic-Plus 20x10 Tablets.webp"""
201,Torigesic-120,Tablets,147.23,20x10,"Ultima\Torigesic 120mg 20x10 Tablets.webp"""
202,Torigesic-60,Tablets,92.33,20x10,"Ultima\Torigesic 60mg 20x10 Tablets.webp"""
203,Torigesic-90,Tablets,107.76,20x10,"Ultima\Torigesic 90mg 20x10 Tablets.webp"""
204,Torigesic-TH4,Tablets,243.31,10x1x10,"Ultima\Torigesic TH4 10x1x10 Tablets.webp"""
205,Torigesic-TH8,Tablets,391.87,10x1x10,"Ultima\Torigesic TH8 10x1x10 Tablets.webp"""
206,Torsevent-10,Tablets,79.41,4x5x10,"Ultima\Torsevent 10mg 4x5x10 Tablets.webp"""
207,Torsevent-20,Tablets,136.10,4x5x10,"Ultima\Torsevent 20mg 4x5x10 Tablets.webp"""
208,Torsevent-Plus,Tablets,146.40,10x15,"Ultima\Torsevent-Plus 10x15 Tablets.webp"""
209,Trizacet,Tablets,30.24,40x15,"Ultima\Trizacet 40x15 Tablets.webp"""
210,Trizacet-Cold RF,Tablets,54.37,25x10,"Ultima\Trizacet Cold New pack 25x10 Tablets.webp"""
211,Tusston Super-NF,Tablets,67.03,20x10,"Ultima\Tusston Super-NF 20x10 Tablets.webp"""
212,Udivent-150,Tablets,227.40,10x1x10,"Ultima\Udivent-150 10x1x10 Tablets.webp"""
213,Udivent-300,Tablets,435.60,10x1x10,"Ultima\Udivent-300 Tablet.webp"""
214,Utispas,Tablets,286.87,10x15,"Ultima\Utispas 10x15 Tablets.webp"""
215,Ventocal-500,Tablets,89.84,20x15,"Ultima\Ventocal-500 20x15 Tablets.webp"""
216,Ventocal-XT,Tablets,278.43,20x15,"Ultima\Ventocal XT 20x15 Tablets.webp"""
217,Ventocee-Z,Tablets,73.70,20x10,"Ultima\Ventocee-Z 20x10 Tablets.webp"""
218,Ventokast LC Junior,Tablets,81.10,10x1x10,"Ultima\Ventokast-LC Junior 10x1x10 Tablets.webp"""
219,Ventokast-LC,Tablets,174.69,20x1x10,"Ultima\Ventokast LC 20x1x10 Tablets.webp"""
220,Ventophagus-20,Tablets,168.00,10x10,"Ultima\Ventophagus 20 10x10 Tablets.webp"""
221,Ventophylin-400,Tablets,93.00,10x1x10,"Ultima\Ventophylin-400 10x1x10 Tablets.webp"""
222,Ventophyline-S,Tablets,90.75,10x1x10,"Ultima\Ventophylin-S 10x1x10 Tablets.webp"""
223,Ventophylin-M,Tablets,181.75,10x1x10,"Ultima\Ventophylin-M 10x1x10 Tablets.webp"""
224,Ventophylin-XL,Tablets,96.40,10x1x10,"Ultima\Ventophylin XL 10x1x10 Tablets.webp"""
225,Ventoran-100 SR,Tablets,78.60,30x10,"Ultima\Ventoran SR  100mg Tablets.webp"""
226,Ventoran-A,Tablets,39.60,20x10,"Ultima\Ventoran-A 20x10 Tablets.webp"""
227,Ventoran-MR,Tablets,81.55,80x10,"Ultima\Ventoran-Mr 80x10 Tablets.webp"""
228,Ventoran-SP,Tablets,112.50,20x10,"Ultima\Ventoran-Sp 20x10 Tablets.webp"""
229,Venzolid-600,Tablets,383.56,10x1x10,"Ultima\Venzolid 600mg 10x1x10 Tablets.webp"""
230,Voglivent-MG1,Tablets,142.03,10x2x15,"Ultima\Voglivent-MG1 10x2x15 Tablets.webp"""
231,Voglivent-MG2,Tablets,238.20,10x2x15,"Ultima\Voglivent-MG2 10x2x15 Tablets.webp"""
232,Xiotil-250,Tablets,350.62,10x1x10,"Ultima\Xiotil 250mg 10x1x10 Tablets.webp"""
233,Xiotil-500,Tablets,553.00,10x1x10,"Ultima\Xiotil 500mg 10x1x10 Tablets.webp"""
234,Xiotil-CV 625,Tablets,510.40,10x1x6,"Ultima\Xiotil-CV 625mg 10x1x6 Tablets.webp"""
235,Yuvigra-LA,Tablets,272.25,20x1x4,"Ultima\Yuvigra-La 20x1x4 Tablets.webp"""
236,Yuvigra-LA Forte,Tablets,330.00,24x1x4,"Ultima\Yuvigra-LA Forte 24x1x4 Tablets.webp"""
237,Zithroset-250,Tablets,75.28,20x1x6,"Ultima\Zithroset - 250mg 10x1x6 Tablets.webp"""
238,Zithroset-3 Kit,Tablets,138.75,1x4,"Ultima\Zithroset - 3 Kit Tablets.webp"""
239,Zithroset-500,Tablets,76.00,20x1x3,"Ultima\Zithroset -500mg 10x1x3 Tablets.webp"""
240,Zyfix 200-IB,Tablets,167.88,10x10,"Ultima\Zyfix-200LB 10x10 Tablets.webp"""
241,Acnevent,Softgel,235.12,10X1X10,"Ultima\Acnevent 10x1x10 Softgel Capsules.webp"""
242,Actigrain-P,Capsules,107.30,10x10,"Ultima\Actigrain-P 10x10 Capsules.webp"""
243,Arshcure,Capsules,204.00,1x30,"Ultima\Arshcure 1x30 Capsules.webp"""
244,Becominta 4G,Softgel,226.00,3x10,"Ultima\Becominta 4g 3x10 Softgel Capsules.webp"""
245,Calcivent K2 Forte,Softgel,176.90,10x1x10,"Ultima\Calcivent K2 Forte 10x1x10 Softgel Capsules.webp"""
246,Calcivent R/Y,Softgel,213.26,5x2x15,"Ultima\Calcivent 5x2x15 Softgel Capsules (YR).webp"""
247,Calcivent-D3 Max,Softgel,402.18,3X10,"Ultima\Calcivent-d3 Max 10x1x15 Softgel Capsules.webp"""
248,Clindarol-300,Capsules,305.00,10x1x10,"Ultima\Clindarol-300 10x1x10 Capsules.webp"""
249,Coligut-L,Capsules,141.90,10x10,"Ultima\Coligut-L Capsule 10x1x10.webp"""
250,Dilustone,Capsules,216.30,1x30,"Ultima\Dilustone 30 N Capsules.webp"""
251,Dolosaid Rab SR,Capsules,174.60,10x1x10,"Ultima\Dolosaid-RAB SR 10x1x10 Capsules.webp"""
252,Donacortil-TM,Capsules,705.30,10x1x10,"Ultima\Donacortil-Tm 10x1x10 Capsules.webp"""
253,Doxivent-LB,Capsules,136.00,20X10,"Ultima\Doxivent-Lb 20x10 Capsules.webp"""
254,Esovent-IT,Capsules,173.67,10X10,"Ultima\Esovent IT 10x10 Tablets.webp"""
255,Esovent-DSR,Capsules,172.15,10x1x10,"Ultima\Esovent DSR Capsules 10x1x10.webp"""
256,Esovent-LSR,Capsules,237.00,10x1x10,"Ultima\Esovent-Lsr 10x1x10 Capsules.webp"""
257,Ferivent-Z,Capsules,134.75,10X2X15,"Ultima\Ferivent-Z 10x2x15 Capsules.webp"""
258,Flupress-20,Capsules,64.41,10x2x15,"Ultima\Flupress-20 10x2x15caps Capsules.webp"""
259,Gabavent-300,Capsules,132.72,10x10,"Ultima\Gabavent-300 10x10 Capsules.webp"""
260,Gastovent-DSR,Capsules,114.57,20x10,"Ultima\Gastovent-Dsr 20x10 Capsules.webp"""
261,Gastovent-LSR,Capsules,204.18,10x1x10,"Ultima\Gastovent-Lsr 10x1x10 Capsules.webp"""
262,Indovent-25,Capsules,53.31,20x10,"Ultima\Indovent-25 20x10 Capsules.webp"""
263,Indovent-SR,Capsules,124.78,20x10,"Ultima\Indovent-Sr 20x10 Capsules.webp"""
264,Itromax SB 130,Capsules,294.91,10x1x10,"Ultima\Itromax-SB-130mg 10x1x10 Capsules.webp"""
265,Itromax SB 65,Capsules,147.29,10x1x10,"Ultima\Itromax-SB-65mg 10x1x10 Capsules.webp"""
266,Itromax-100,Capsules,179.23,10X1X10,"Ultima\Itromax-100 10x1x10 Capsules.webp"""
267,Itromax-200,Capsules,237.82,10X1X10,"Ultima\Itromax-200 10x1x10 Capsules.webp"""
268,Kneeguard Plus,Softgel,338.13,10X1X10,"Ultima\Kneeguard plus 10x1x10 Softgel Capsules.webp"""
269,Lipivent-Gold 10,Capsules,155.90,10x15,"Ultima\Lipivent-Gold 10 10x15 Capsules.webp"""
270,Lipivent-Gold 20,Capsules,164.48,10x15,"Ultima\Lipivent-Gold 20 10x15 Capsules.webp"""
271,Livominta-SL,Softgel,190.00,10x1x10,"Ultima\LIVOMINTA-SL 10x1x10 Softgel Capsules.webp"""
272,Lycoride,Softgel,142.12,10x1x10,"Ultima\Lycoride 225ml Syrup.webp"""
273,Moxilanta 250,Capsules,26.25,10x3x10,"Ultima\Moxilanta-250 10x3x10  Capsules.webp"""
274,Moxilanta 500,Capsules,79.17,10x2x10,"Ultima\Moxilanta-500 10x3x10  Capsules.webp"""
275,Mylabion,Capsules,174.69,10x1x10,"Ultima\Mylabion 10x1x10 Capsules.webp"""
276,Mylabion-Plus,Capsules,224.60,5x1x10,"Ultima\Mylabion-Plus 5x1x10 Capsules.webp"""
277,Omefiz,Capsules,46.30,20x15,"Ultima\Omefiz 20x15 Capsules.webp"""
278,Omefiz-D,Capsules,99.82,20x15,"Ultima\Omefiz-D 20x15 Capsules.webp"""
279,Pantovent-LSR,Capsules,230.20,10x1x10,"Ultima\Pantovent-Lsr 10x1x10 Capsules.webp"""
280,Pantovent-DSR,Capsules,141.79,20x10,"Ultima\Pantovent-Dsr 20x10 Capsules.webp"""
281,Phylobron,Capsules,96.42,10x10,"Ultima\Phylobron 10x10 Capsules.webp"""
282,Pregavent-D 75/20,Capsules,210.00,10x10,"Ultima\Pregavent-D 75-20 10x10 Capsules.webp"""
283,Pregavent-75,Capsules,107.75,10x10,"Ultima\Pregavent 75mg 10x10 Capsules.webp"""
284,Pregavent-M,Capsules,174.60,10x1x10,"Ultima\Pregavent-M 10x1x10 Capsules.webp"""
,Rejuvital,Softgel,101.60,20x1x10,"Ultima\Rejuvital 20x1x10 Softgel Capsules.webp"""
285,Rejuvital Musli-Gold,Capsules,275.00,10x1x10,"Ultima\Rejuvital Gold Capsules 10x1x10.webp"""
286,Rozucard-Gold 10,Capsules,199.60,10x1x10,"Ultima\Rozucard-Gold 10x1x10 Capsules.webp"""
287,Rozucard-Gold 20,Capsules,277.90,10x1x10,"Ultima\Rozucard-Gold-20 10x1x10 Capsules.webp"""
288,Sildostat-8,Capsules,255.23,10X1X10,"Ultima\Sildostat-8 10x1x10 Capsules.webp"""
289,Sildostat-D8,Capsules,489.84,10X1X10,"Ultima\Sildostat-D8 10x1x10 Capsules.webp"""
290,Sinovent-DM,Softgel,58.96,20X1X10,"Ultima\Sinovent-Dm 20x1x10 Softgel Capsules.webp"""
291,Sinovent-Vapor,Capsules,70.12,20x10,"Ultima\Sinovent Vapor 20x10 Capsules.webp"""
292,Sofegest 200,Softgel,510.00,10x1x10,"Ultima\Sofegest 200 10x1x10 Softgel Capsules.webp"""
293,Uriride 0.4,Capsules,228.00,10X20,"Ultima\Uriride-0-4mg 10x20 Capsules.webp"""
294,Uriride-D,Capsules,385.60,10x1x15,"Ultima\Uriride-D 10x1x15 Capsules.webp"""
295,Ventocal-D3,Softgel,132.38,10x1x4,"Ultima\Ventocal D3 Nano 5ml.webp"""
296,Zincominta-Rich,Softgel,124.35,10x1x10,"Ultima\Zincominta Rich 10x1x10 Capsules.webp"""
297,Apilactin Plus,Syrup,131.58,200 ml,"Ultima\Apilactin Plus 200ml Syrup.webp"""
298,Aptiride,Syrup,149.53,200 ml,"Ultima\Aptiride 200ml Syrup.webp"""
300,Becominta Z,Syrup,149.49,200 ml,"Ultima\Becominta Z 200ml Syrup.webp"""
301,Bilotra DM,Syrup,144.37,100ml,"Ultima\Bilotra Dm 100ml Syrup.webp"""
302,Bilotra-M,Suspension,193.60,60 ml,"Ultima\Bilotra-M 60ml Syrup.webp"""
303,Carivent,Syrup,226.87,200 ml,"Ultima\Carivent 200ml Syrup.webp"""
304,Citrastone,Syrup,123.50,100 ml,"Ultima\Citrastone 100ml Syrup.webp"""
306,Colivent,Syrup,87.33,60 ml,"Ultima\Colivent 60ml Syrup.webp"""
307,Corivent-EX,Syrup,112.50,61 ml,"Ultima\Corivent-Ex 100ml Syrup.webp"""
308,Dilustone 1B6,Solution,237.08,62 ml,"Ultima\Dilustone Syrup 200ml.webp"""
309,Donacortil-6,Suspension,73.52,63 ml,"Ultima\Donacortil-6 10x1x10 Tablets.webp"""
310,Feriminta Plus,Syrup,205.83,64 ml,"Ultima\Feriminta-PLUS 225ml Syrup.webp"""
311,Feriminta Plus,Syrup,349.38,65 ml,"Ultima\Feriminta-PLUS 450ml Syrup.webp"""
312,Ferivent-XT,Syrup,174.69,66 ml,"Ultima\Ferivent-Xt 10x1x10 Tablets.webp"""
313,Gasfiz Mint Flavour,Suspension,122.50,67 ml,"Ultima\Gasfiz Suspension  170ml.webp"""
314,Gasfiz Paan Flavour,Suspension,122.50,68 ml,"Ultima\Gasfiz Suspension Paan 170ml.webp"""
315,Gasfiz Raft,Suspension,182.80,69 ml,"Ultima\Gasfiz- RAFT 150 New.webp"""
316,Histarex,Syrup,136.00,70 ml,"Ultima\Histarex 100ml Syrup.webp"""
317,Honiryl,Syrup,98.43,71 ml,"Ultima\Honiryl 100ml Syrup.webp"""
318,Ibuvent-Plus,Suspension,124.75,72 ml,"Ultima\Ibuvent-Plus 100ml Syrup.webp"""
319,Ibuvent-Plus,Suspension,82.35,73 ml,"Ultima\Ibuvent-Plus 60ml Syrup.webp"""
320,Laxivent,Emulsion,159.71,74 ml,"Ultima\Laxivent Oral Emulsion 170ml.webp"""
321,Laxivent-Plus,Emulsion,185.90,75 ml,"Ultima\Laxivent-Plus 170ml Syrup.webp"""
322,Levotramine,Syrup,48.65,76 ml,"Ultima\Levotramine-Syrup 30ml.webp"""
323,Livominta-Forte,Syrup,232.95,77 ml,"Ultima\Livominta-Forte 200ml Syrup.webp"""
324,Lycoride,Syrup,262.00,78 ml,"Ultima\Lycoride 10x1x10 Softgel Capsules.webp"""
325,Meftadol-P Forte,Syrup,106.00,79 ml,"Ultima\Meftadol-P Forte 60ml Suspension.webp"""
326,Meftadol-P,Syrup,65.86,80 ml,"Ultima\Meftadol-P 60ml Syrup.webp"""
327,Menstarol,Syrup,165.00,81 ml,"Ultima\Menstarol 200ml Syrup.webp"""
328,Mylabion,Syrup,170.00,82 ml,"Ultima\Mylabion Syrup 200 ml.webp"""
329,Oftivent,Syrup,85.00,83 ml,"Ultima\Oftivent 60ml Syrup.webp"""
330,Oftivent-M,Syrup,65.87,84 ml,"Ultima\Oftivent-M 30ml Syrup.webp"""
331,Phylobron-XT,Syrup,141.75,85 ml,"Ultima\Phylobron-Xt 100ml Syrup.webp"""
332,Picovent-Laxative,Syrup,99.80,86 ml,"Ultima\Picovent Syrup 100ml.webp"""
333,Ranilium-Spas,Syrup,77.36,87 ml,"Ultima\Ranilium Spas Syrup 30ml.webp"""
334,Ranilium-MPS,Suspension,136.12,88 ml,"Ultima\Ranilium-Mps 170ml Syrup.webp"""
335,Ranilium-PD,Syrup,167.60,89 ml,"Ultima\Ranilium-Pd 100ml Syrup.webp"""
336,Sinovent-DM,Syrup,112.25,90 ml,"Ultima\Sinovent-Dm 100ml Syrup.webp"""
337,Sinovent-DM,Syrup,74.85,91 ml,"Ultima\Sinovent-Dm 60ml Syrup.webp"""
338,Sinovent-DS,Suspension,81.00,92 ml,"Ultima\Sinovent-DS 60ML Syrup.webp"""
339,Sinovent,Suspension,74.00,93 ml,"Ultima\Sinovent Syrup 60ml.webp"""
340,Spasmovent,Suspension,89.00,94 ml,"Ultima\Spasmovent 60ml Syrup.webp"""
341,Trizacet Cold DS RF,Suspension,73.68,95 ml,"Ultima\Trizacet 60ml Syrup.webp"""
342,Trizacet Cold RF,Suspension,61.21,60ml,"Ultima\Trizacet Cold DS Suspension.webp"""
343,Trizacet,Syrup,42.21,60 ml,"Ultima\Trizacet Syrup 60ml.webp"""
344,Tusston Super,Syrup,123.50,100 ml,"Ultima\Tusston-Super 100 ml Syrup.webp"""
345,Tusston Super,Syrup,81.65,60 ml,"Ultima\Tusston-Super 60 ml Syrup.webp"""
346,Udivent,Suspension,320.00,100ml,"Ultima\Udivent Suspension 100ml.webp"""
348,Ventocal,Suspension,126.20,200 ml,"Ultima\Ventocal Syrup 200ml.webp"""
349,Ventokast LC,Syrup,112.50,60ml,"Ultima\Ventokast-LC Syrup 60ml.webp"""
350,Ventokast LC,Syrup,84.84,30 ml,"Ultima\Ventokast-LC Syrup 30ml.webp"""
351,Ventotus- L,Syrup,118.50,100 ml,"Ultima\Ventotus-L 100ml Syrup.webp"""
352,Ventoxol,Syrup,119.00,100 ml,"Ultima\Ventoxol 100ml Syrup.webp"""
353,Ventoxol,Syrup,79.40,60 ml,"Ultima\Ventoxol Syrup 60ml.webp"""
,Ventocain Gel,Syrup,143.43,170 ml,"Ultima\Ventocain Liquid Gel 170ml.webp"""
354,Ventoxol- L,Syrup,108.48,100 ml,"Ultima\Ventoxol L Syrup 100ml.webp"""
355,Ventoxol- L,Syrup,72.36,60 ml,"Ultima\Ventoxol Syrup-L 60ml.webp"""
356,Ventoxol- LS Junior,Syrup,102.30,100 ml,"Ultima\Ventoxol-LS Junior Syrup 100ml.webp"""
357,Ventoxol- LS Junior,Syrup,72.70,60ml,"Ultima\Ventoxol-LS Junior Syrup 60ml.webp"""
,Bactofix-100 ,Dry Syrup,77.17,30 ml,"Ultima\Bactofix-100 30ml Dry Syrup.webp"""
,Bactofix-50 ,Dry Syrup,52.60,30 ml,"Ultima\Bactofix-50 30ml Dry Syrup.webp"""
,Bactofix-O,Dry Syrup,96.42,30 ml,"Ultima\Bactofix-o 30ml Dry Syrup.webp"""
,Becominta-L,Dry Syrup,77.34,60ml,"Ultima\Becominta-L 60ml Dry Syrup.webp"""
,Clarivent-125 Oral,Suspension,149.94,30ml,"Ultima\Clarivent-125 Oral 30ml Syrup.webp"""
,Proditil CV 100/62.5,Dry Syrup,183.50,30 ml,"Ultima\Proditil CV 100+62.5 10x1x10 Dry Syrup.webp"""
,Proditil-CV,Dry Syrup,155.90,30 ml,"Ultima\Proditil-CV Dry Syrup 30ml.webp"""
,Proditil-50,Dry Syrup,119.40,30 ml,"Ultima\Proditil-50 30ml Dry Syrup.webp"""
,Proditil-100 ,Dry Syrup,180.92,30 ml,"Ultima\Proditil-100 30ml Dry Syrup.webp"""
,Ultavir,Suspension,243.75,30 ml,"Ultima\Ultavir 30ml Syrup.webp"""
,Venzolid Dry ,Dry Syrup,132.10,30 ml,"Ultima\VenZolid Dry Syrup 100mg.webp"""
,Xiotil ,Dry Syrup,171.36,30 ml,"Ultima\Xiotil-125mg Dry Syrup.webp"""
,Zithroset-100 XL,Dry Syrup,97.95,30 ml,"Ultima\Zithroset XL Dry Syrup 100mg.webp"""
,Zithroset-200 XL,Dry Syrup,109.93,30 ml,"Ultima\Zithroset XL Dry Syrup 200mg.webp"""
,Bactofix,Drop,80.48,10 ml,"Ultima\Bactofix 10ml Drop.webp"""
,Colivent,Drop,74.85,30 ml,"Ultima\Colivent 30ml Drop.webp"""
,Ondilium,Drop,40.63,30 ml,"Ultima\Ondilium 30ml Drop.webp"""
,Proditil,Drop,89.00,10 ml,"Ultima\Proditil Drops 10ml.webp"""
,Ventoxol-LS,Drop,64.80,15 ml,"Ultima\Ventoxol-LS 15ml Drops.webp"""
358,Zincominta,Syrup,153.94,200 ml,"Ultima\Zincominta Syrup 200ml.webp"""
359,Acipox,Cream,165.00,15gm,"Ultima\Acipox 15gm Cream.webp"""
360,Acnevent Plus,Ointement,88.48,15gm,"Ultima\Acnevent Plus 15gm Cream.webp"""
361,Adigard,Cream,118.53,15gm,"Ultima\Adigard 25gm Cream.webp"""
362,Betavent-N,Ointement,62.90,15gm,"Ultima\Betavent-N 15gm Cream.webp"""
363,Candivent-B,Cream,84.56,15gm,"Ultima\Candivent-B 15gm Cream.webp"""
364,Candivent-VG,Ointement,149.50,15gm,"Ultima\Candivent-Vg 30gm Cream.webp"""
365,Capilate-P,Cream,170.15,15gm,"Ultima\Capilate-P 30gm Cream.webp"""
366,Clarilite,Cream,158.81,15gm,"Ultima\Clarilite Cream 15gm Cream.webp"""
367,Clobevent,Cream,85.80,15gm,"Ultima\Clobevent 15gm Cream.webp"""
368,Clobevent-GM,Ointement,81.09,15gm,"Ultima\Clobevent-Gm 15gm Cream.webp"""
369,Clobevent-S,Ointement,137.25,15gm,"Ultima\Clobevent-S 20gm Cream.webp"""
370,Dermovent-5,Cream,106.00,15gm,"Ultima\Dermovent-5 15gm Cream.webp"""
371,Gabavent,Ointement,260.00,15gm,"Ultima\Gabavent 30gm Cream.webp"""
372,Healodine,Ointement,99.22,15gm,"Ultima\Healodine 15g Ointment.webp"""
373,Healodine-OZ,Ointement,87.79,15gm,"Ultima\Healodine-Oz 15gm Cream.webp"""
374,Itromax OC,Ointement,129.76,15gm,"Ultima\Itromax-OC 15gm Cream.webp"""
,Lulinaz-10,Ointement,243.31,15gm,"Ultima\Lulinaz 10gm Cream.webp"""
375,Lulinaz-20,Ointement,294.93,15gm,"Ultima\Lulinaz 20gm Cream.webp"""
376,Lulinaz-30,Ointement,408.37,15gm,"Ultima\Lulinaz 30gm Cream.webp"""
377,Lulinaz 4D,Ointement,165.00,15gm,"Ultima\Lulinaz- 4D 20gm Cream.webp"""
,Mupivent,Ointement,325.00,15gm,"Ultima\Mupivent 15gm Cream.webp"""
379,Mupivent,Ointement,109.00,15gm,"Ultima\Mupivent 5gm Cream.webp"""
380,Nodigyl DG,Ointement,127.80,15gm,"Ultima\Nodigyl Dg 20g Cream.webp"""
381,Oftiderm-RF,Ointement,88.48,15gm,"Ultima\Oftiderm-Rf 15gm Cream.webp"""
382,Oravent,Ointement,73.73,15gm,"Ultima\Oravent 20x10 Tablets.webp"""
383,Oravent Plus,Ointement,96.42,15gm,"Ultima\Oravent-Plus 5gm Cream.webp"""
385,Skin Bloom,Cream,170.70,15gm,"Ultima\Skinbloom 24x1x15gm Cream.webp"""
386,Soravent 6,Ointement,134.00,15gm,"Ultima\SORAVENT-6 12x30g Ointment.webp"""
387,Terbiride,Cream,84.72,15gm,"Ultima\Terbiride Cream 15g.webp"""
389,Ventoran 2X,Ointement,175.82,15gm,"Ultima\Ventoran 2X pain gel 30gm.webp"""
391,Ventoran Pain Gel,Ointement,40.78,15gm,"Ultima\Ventoran 25x1x10g Pain-Gel.webp"""
392,Ventoran Pain Gel,Ointement,124.78,15gm,"Ultima\Ventoran Pain-Gel 30g.webp"""
393,Calavent,Lotion,204.57,15gm,"Ultima\Calavent 100ml Lotion.webp"""
394,Candivent B,Lotion,106.05,15gm,"Ultima\Candivent B 30ml Lotion.webp"""
395,Clobevent GM,Lotion,97.30,15gm,"Ultima\Clobevent-GM Lotion 25ml.webp"""
396,Lulinaz,Lotion,237.00,15gm,"Ultima\Lulinaz 30ml Lotion.webp"""
397,Ventoscab,Lotion,116.53,15gm,"Ultima\Ventoscab 100ml Lotion.webp"""
398,Buderon,Respules,127.95,15gm,"Ultima\Buderon 4x5x2ml Suspension.webp"""
399,Buderon 1mg,Respules,141.30,15gm,"Ultima\Buderon 1Mg 2ml Respules.webp"""
400,Duosma-3,Respules,117.15,15gm,"Ultima\Duosma-3 10x5x3ml Respules.webp"""
401,Duosma-LD,Respules,91.40,15gm,"Ultima\Duosma-Ld 10x5x2.5ml Respules.webp"""
402,Enterobioz,Respules,47.40,15gm,"Ultima\Enterobioz 5ml Respules.webp"""
403,Glycolium,Respules,245.00,15gm,"Ultima\Glycolium 10x5x2ml Respules.webp"""
404,Levobuta 0.63,Respules,84.35,15gm,"Ultima\Levobuta 0.63 10x5x2.5ml Respules.webp"""
405,Ayu Laxivent,Tablets,67.00,15gm,"Ultima\Ayu Laxivent 10x10 Tablets.webp"""
406,Candivent Dusting,Powder,118.53,15gm,"Ultima\Candivent Powder 75g.webp"""
407,Coligut-L,L Sachet,24.37,15gm,"Ultima\Coligut L 50x1g Sachet.webp"""
408,Flutigra AZ,Nasal Spray,479.61,15gm,"Ultima\Flutigra-AZ nasal spary 7ml.webp"""
409,Flutigra,Nasal Spray,474.72,15gm,"Ultima\Flutigra 120m Spray.webp"""
410,Healodine 10%,Solution,107.50,15gm,"Ultima\Healodine Solution 100ml 10%.webp"""
411,Healodine,Solution,198.50,15gm,"Ultima\Healodine 100ml Gargles.webp"""
412,Healodine,Powder,73.12,15gm,"Ultima\Healodine Powder 10g.webp"""
413,Insta Play (Ultra Thin),Condom,34.71,15gm,"Ultima\Insta Play Condom Chocolate Ultra Thin 3N.webp"""
414,Insta Play (Extra Time),Condom,34.71,15gm,"Ultima\Insta Play Strawberry Extra Time Condom 3N.webp"""
415,Insta Play (Extra Super Dotted),Condom,33.00,15gm,"Ultima\Insta Play 48x1x3n Condom.webp"""
416,Insta Play (Extra Super Dotted),Condom,33.00,15gm,"Ultima\Insta Play Condom Strawberry Extra Dotted.webp"""
417,Ketojet CT,Soap,129.00,15gm,"Ultima\Ketojet-CT 75g Soap.webp"""
418,Ketojet,Shampoo,204.18,15gm,"Ultima\Ketojet Shampoo 110ml.webp"""
419,Kneeguard,Sachet,130.00,15gm,"Ultima\Kneeguard Sachet 10x5g.webp"""
420,Laxivent,Powder,170.15,15gm,"Ultima\Laxivent 4x5x10 Tablets.webp"""
421,Protiminta (American Ice Cream),Powder,376.84,15gm,"Ultima\Protiminta Amarican Icecream.webp"""
422,Protiminta (Chocolate),Powder,376.84,15gm,"Ultima\Protiminta 200gm Powder.webp"""
423,Protiminta (Kesar-pista),Powder,376.84,15gm,"Ultima\Protiminta Kesar Pista.webp"""
424,Protiminta DHA,Powder,392.99,15gm,"Ultima\Protiminta Dha 200gm Powder.webp"""
425,Scabitick-Vet,Soap,150.70,15gm,"Ultima\Scabitick-Vet 75gm Soap.webp"""
426,Sensovent Mouthwash,Mouthwash,108.28,15gm,"Ultima\Sensovent 100ml Mouthwash.webp"""
427,Sensovent,Tooth Paste,129.00,15gm,"Ultima\Sensovent Toothpaste 80g.webp"""
428,Sensovent-F,Tooth Paste,129.20,15gm,"Ultima\Sensovent-F 80gm Toothpaste.webp"""
429,Sinovent,Nasal Spray,55.00,15gm,"Ultima\Sinovent spray 10ml.webp"""
430,Sinovent Saline,Nasal Spray,68.00,15gm,"Ultima\Sinovent-Saline Nasal Spray 20ml.webp"""
431,Tusston,Lozenges,37.50,15gm,"Ultima\Tusston Cough 35x10 Lozenges Plastic Box.webp"""
432,Ventocal-D3 Nano,Nano Shot,82.30,15gm,"Ultima\Ventocal D3 Nano 5ml.webp"""
433,Ventoran 2X,Pain Spray,268.00,15gm,"Ultima\Ventoran-2x Spray 75gm.webp"""
434,Ventoran 2X,Pain Spray,82.30,15gm,"Ultima\Ventoran-2x Spray 35gm.webp"""
435,Ventoran Pain,Pain Oil,134.00,15gm,"Ultima\Ventoran-Pain Oil 50ml.webp"""
436,Ventoscab P,Soap,107.66,15gm,"Ultima\Ventoscab-P Soap.webp"""
437,Viturna,Wash,187.00,15gm,"Ultima\Viturna 100ml V-Wash.webp"""